{"data": {"Adeyinka Ayeni": [{"story": "Adeyinka Ayeni updated his cover photo.", "created_time": "2017-12-03T02:05:08+0000", "id": "10153272913593544_10155896027713544"}, {"message": "I have now realized that in our current world, it must be hard for the overly honest to make a life, how piteous it is.", "created_time": "2017-11-30T03:04:14+0000", "id": "10153272913593544_10155887841488544"}, {"message": "I'm now an uncle, time to start acting like an adult \ud83d\ude01", "created_time": "2017-11-23T16:42:06+0000", "id": "10153272913593544_10155870347963544"}, {"story": "Adeyinka Ayeni updated his profile picture.", "created_time": "2017-10-15T16:07:11+0000", "id": "10153272913593544_10155767227518544"}, {"story": "Adeyinka Ayeni shared ATTN:'s video.", "created_time": "2017-09-23T12:35:18+0000", "id": "10153272913593544_10155707914753544"}, {"story": "Adeyinka Ayeni shared NOS Energy Drink's video.", "created_time": "2017-09-20T02:49:12+0000", "id": "10153272913593544_10155698813078544"}, {"story": "Adeyinka Ayeni shared CENTBOY's post.", "created_time": "2017-09-18T23:35:55+0000", "id": "10153272913593544_10155695880723544"}, {"story": "Adeyinka Ayeni shared BuzzFeed Video's video.", "created_time": "2017-09-16T12:49:52+0000", "id": "10153272913593544_10155689093838544"}, {"story": "Adeyinka Ayeni shared Muhammad Ali's photo.", "created_time": "2017-09-12T23:27:50+0000", "id": "10153272913593544_10155680179968544"}, {"message": "lmao", "created_time": "2017-08-03T01:31:23+0000", "id": "10153272913593544_10155564182648544"}, {"story": "Adeyinka Ayeni updated his cover photo.", "created_time": "2017-06-19T16:36:45+0000", "id": "10153272913593544_10155404036058544"}, {"story": "Adeyinka Ayeni shared Grandma's Food's video.", "created_time": "2017-06-18T16:14:25+0000", "id": "10153272913593544_10155400754188544"}, {"story": "Adeyinka Ayeni updated his profile picture.", "created_time": "2017-06-11T13:37:38+0000", "id": "10153272913593544_10155376449848544"}, {"story": "Adeyinka Ayeni shared Break's video.", "created_time": "2017-05-16T04:37:43+0000", "id": "10153272913593544_10155287570778544"}, {"story": "Adeyinka Ayeni was at Little Caesars Arena.", "created_time": "2017-05-14T02:17:24+0000", "id": "10153272913593544_10155281185653544"}, {"story": "Adeyinka Ayeni updated his profile picture.", "created_time": "2017-05-05T03:06:08+0000", "id": "10153272913593544_10155249841093544"}, {"story": "Adeyinka Ayeni shared a link.", "created_time": "2017-05-02T02:24:50+0000", "id": "10153272913593544_10155241135888544"}, {"story": "Adeyinka Ayeni shared DeStorm Power's video.", "created_time": "2017-05-02T00:48:15+0000", "id": "10153272913593544_10155240958378544"}, {"story": "Adeyinka Ayeni shared DeStorm Power's video.", "created_time": "2017-05-02T00:40:32+0000", "id": "10153272913593544_10155240939383544"}, {"story": "Adeyinka Ayeni was with Peter Grimm.", "created_time": "2017-04-18T02:09:09+0000", "id": "10153272913593544_10155197024978544"}, {"story": "Adeyinka Ayeni shared VT's video.", "created_time": "2017-04-07T00:16:18+0000", "id": "10153272913593544_10155154833688544"}, {"story": "Adeyinka Ayeni shared Muhammad Ali's photo.", "created_time": "2017-03-31T01:40:00+0000", "id": "10153272913593544_10155131529268544"}], "Angela Huang": [{"message": "ice ice baby", "story": "Angela Huang updated her profile picture.", "created_time": "2017-11-24T18:57:48+0000", "id": "773633474_10156642395408475"}, {"message": "My heart is full my liver is dead \ud83d\udc9e", "story": "Angela Huang is with Abhi Satya and 5 others at The Flying Cock NYC.", "created_time": "2017-05-06T04:38:49+0000", "id": "773633474_10156017920663475"}, {"message": "Honored to call you my friend (and future coworker!)....congrats Ben Rathi!!!! Arnold Schwarzenegger would be so proud \ud83d\ude1c  #GoNovi", "created_time": "2017-04-13T01:54:09+0000", "id": "773633474_10155944290703475"}, {"message": "It's been an unforgettable 2 months exploring Asia with friends both old and new, but there's truly no place like hoMe!", "story": "Angela Huang is at Beijing International Airport, Terminal 2.", "created_time": "2016-07-05T08:22:18+0000", "id": "773633474_10155069643313475"}, {"message": "Hey I don't know about you, but I'm feelin 2200 meters above sea level\n\nP.S. Thank you for all the birthday wishes!! Especially grateful today while I'm far from home for having such thoughtful and inspiring friends in my life \u263a\ufe0f", "story": "Angela Huang is at Mount Hua.", "created_time": "2016-06-30T04:00:08+0000", "id": "773633474_10155057469128475"}, {"message": "2016: Year of the Monkey", "story": "Angela Huang is in Zhangjiajie.", "created_time": "2016-06-28T16:07:22+0000", "id": "773633474_10155053427473475"}, {"message": "Under the sea, darling it's better down where it's wetter take it from me \ud83d\udc1f\ud83d\udc20", "story": "Angela Huang is at Sail Rock, Gulf Of Thailand.", "created_time": "2016-06-11T17:32:48+0000", "id": "773633474_10155007956938475"}, {"story": "Angela Huang added a new photo \u2014 with Jacob Van Hoof and 2 others.", "created_time": "2016-06-09T14:49:24+0000", "id": "773633474_10155001990198475"}, {"story": "Angela Huang added a new photo \u2014 with David C. Obia.", "created_time": "2016-06-09T14:49:21+0000", "id": "773633474_10155001989208475"}, {"message": "Backpacking adventures across Thailand, Vietnam, and Cambodia over two months", "story": "Angela Huang added 68 new photos \u2014 with Kristen Wang and 2 others.", "created_time": "2016-06-09T14:14:26+0000", "id": "773633474_10155001917203475"}, {"story": "Angela Huang added a new photo \u2014 with Kristen Wang and Jacob Van Hoof.", "created_time": "2016-06-09T13:57:13+0000", "id": "773633474_10155001890518475"}, {"story": "Angela Huang added a new photo \u2014 with David C. Obia.", "created_time": "2016-06-08T05:10:05+0000", "id": "773633474_10154998292893475"}, {"message": "Backpacking adventures across Thailand, Vietnam, and Cambodia over two months", "story": "Angela Huang added 36 new photos \u2014 with Daniel Huang and Jacob Van Hoof.", "created_time": "2016-06-08T05:10:02+0000", "id": "773633474_10154998292218475"}], "Kevin Vasher": [{"message": "Phone had a panic attack & will no longer turn on. Hit me on this or I'll respond to your text when I'm back in the US next month", "created_time": "2017-06-24T11:24:53+0000", "id": "10204941184908500_10214105775777544"}, {"message": "Don't sleep on South America", "story": "Kevin Vasher updated his profile picture.", "created_time": "2017-01-23T04:39:00+0000", "id": "10204941184908500_10209577640696997"}, {"message": "Fine, i'll admit it, me and Lokey are gay for each other", "created_time": "2017-01-23T04:24:27+0000", "id": "10204941184908500_10212494008924380"}], "Micah Beller": [{"message": "Join our movement, for our future.", "story": "Micah Beller shared Abdul El-Sayed's video.", "created_time": "2017-10-24T14:06:39+0000", "id": "1212398888_10215009477769703"}, {"story": "Micah Beller shared a link.", "created_time": "2017-08-24T22:46:19+0000", "id": "1212398888_10214510814343429"}, {"message": "Proud to be working on such an energizing campaign that believes in a politics of purpose. It's a refreshing brand to see and why Michigan will be ready for a Governor El-Sayed in 2018.\n", "created_time": "2017-07-19T14:47:44+0000", "id": "1212398888_10214172813653623"}, {"message": "Extremely excited to share that I will be running in the maize and blue for one more year as I pursue a Master of Management degree from the Ross School of Business. As always, Go Blue!", "created_time": "2017-02-21T18:58:25+0000", "id": "1212398888_10212591789168999"}, {"message": "The, no longer silent, majority.", "story": "Micah Beller shared The New York Times's post.", "created_time": "2017-01-22T00:01:18+0000", "id": "1212398888_10212291554943331"}, {"message": "A wise man once said \"With patience comes beard. With beard comes more patience.\"", "story": "Micah Beller updated his profile picture.", "created_time": "2016-12-02T23:32:57+0000", "id": "1212398888_10211751712567609"}, {"message": "108 years in the making. This year was finally 'Our Year!'", "story": "Micah Beller shared Chicago Cubs's video.", "created_time": "2016-11-03T14:56:12+0000", "id": "1212398888_10211459745628618"}, {"message": "Two years later and the question still hasn't gotten any easier to answer.", "story": "Micah Beller shared Michigan Men's Track and Field's photo.", "created_time": "2016-10-26T23:49:30+0000", "id": "1212398888_10211379922273084"}, {"message": "71 years in the making, but now only 4 wins away from the vanquishment of a 108 years of history! #FlyTheW", "story": "Micah Beller shared Chicago Cubs's video.", "created_time": "2016-10-25T23:34:38+0000", "id": "1212398888_10211370194949907"}, {"message": "It's our year, fly the W!\n", "created_time": "2016-10-07T00:24:14+0000", "id": "1212398888_10211163073732006"}, {"message": "Truly humbled and honored. Go Blue!", "story": "Micah Beller shared Michigan Men's Track and Field's photo.", "created_time": "2016-09-04T16:28:14+0000", "id": "1212398888_10210847724208465"}, {"message": "A summer to remember.", "story": "Micah Beller updated his cover photo.", "created_time": "2016-08-02T21:26:01+0000", "id": "1212398888_10210521531053840"}, {"message": "Almost that time of year again. #GoBlue", "story": "Micah Beller updated his profile picture.", "created_time": "2016-08-02T21:23:55+0000", "id": "1212398888_10210521518933537"}], "Allison Flack": [], "Rebecca Deitch": [{"message": "Its my favorite dad's birthday! Love you and all that you do for your favorite child<3 Celebrate twice as hard for me today", "story": "Rebecca Deitch is with Ron Deitch.", "created_time": "2017-11-26T15:38:38+0000", "id": "1503585802990219_1955520427796752"}, {"story": "Rebecca Deitch added a new photo \u2014 with Saba Abri in Nellis Air Force Base, Nevada.", "created_time": "2017-06-25T22:13:09+0000", "id": "1503585802990219_1786685791346884"}, {"story": "Rebecca Deitch added a new photo \u2014 with Rachel Deitch.", "created_time": "2017-06-25T22:13:09+0000", "id": "1503585802990219_1786685351346928"}, {"story": "Rebecca Deitch added a new photo \u2014 in Coto de Caza, California.", "created_time": "2017-06-25T22:13:09+0000", "id": "1503585802990219_1786685424680254"}, {"story": "Rebecca Deitch added a new photo \u2014 with Saba Abri in Nellis Air Force Base, Nevada.", "created_time": "2017-06-25T22:13:09+0000", "id": "1503585802990219_1786685804680216"}, {"story": "Rebecca Deitch added a new photo.", "created_time": "2017-06-25T22:13:09+0000", "id": "1503585802990219_1786685054680291"}, {"story": "Rebecca Deitch added 26 new photos \u2014 with Rachel Deitch and Jen Munoz.", "created_time": "2017-06-25T22:13:09+0000", "id": "1503585802990219_1786685054680291"}, {"story": "Rebecca Deitch added a new photo \u2014 with Meghan Kelly in Laguna Beach, California.", "created_time": "2017-06-25T22:13:09+0000", "id": "1503585802990219_1786686294680167"}, {"story": "Rebecca Deitch added a new photo \u2014 in Nellis Air Force Base, Nevada.", "created_time": "2017-06-25T22:13:09+0000", "id": "1503585802990219_1786685978013532"}, {"story": "Rebecca Deitch added a new photo \u2014 with Meghan Kelly.", "created_time": "2017-06-25T22:13:09+0000", "id": "1503585802990219_1786685158013614"}, {"message": "Happy belated fathers day.  In reality every day is fathers day because you're the best dad ever... except when you pretend you're not asleep but we can clearly hear you snoring. LOVE U XOXO", "story": "Rebecca Deitch is with Lori Kerns Deitch and Ron Deitch.", "created_time": "2017-06-20T02:54:28+0000", "id": "1503585802990219_1780079458674184"}, {"story": "Rebecca Deitch updated her profile picture.", "created_time": "2017-06-04T18:12:49+0000", "id": "1503585802990219_1761327583882705"}, {"message": "Thanks for coming and sacrificing your sanity to stay with the Deitch family, love you grandma! xoxo", "story": "Rebecca Deitch is with Carolyn Kerns.", "created_time": "2017-05-22T23:46:39+0000", "id": "1503585802990219_1746856365329827"}], "Alex Hunt": [{"story": "Alex Hunt shared LADbible's video.", "created_time": "2017-12-13T20:26:40+0000", "id": "971601776205346_1703887382976778"}, {"message": "YOOOOO this is my calling!!!!", "story": "Alex Hunt shared BuzzFeed's video.", "created_time": "2017-12-13T00:59:54+0000", "id": "971601776205346_1703024789729704"}, {"story": "Alex Hunt shared Viral TRND's video.", "created_time": "2017-12-11T01:28:38+0000", "id": "971601776205346_1701068476592002"}, {"message": "\ud83d\ude02\ud83d\ude02\u2764\ufe0f\u2764\ufe0f", "story": "Alex Hunt shared Idubbbz MemesTv's post.", "created_time": "2017-12-11T00:17:23+0000", "id": "971601776205346_1701023983263118"}, {"story": "Alex Hunt shared Petty Mayonnaise's video.", "created_time": "2017-12-10T20:06:19+0000", "id": "971601776205346_1700856456613204"}, {"message": "Omg please \ud83d\ude2d\ud83d\ude2d", "story": "Alex Hunt shared The Pet Collective's video.", "created_time": "2017-12-10T00:28:04+0000", "id": "971601776205346_1700036656695184"}, {"story": "Alex Hunt shared 3am Thoughts's photo.", "created_time": "2017-12-09T23:33:10+0000", "id": "971601776205346_1700002426698607"}, {"story": "Alex Hunt shared 3am Thoughts's photo.", "created_time": "2017-12-09T23:29:23+0000", "id": "971601776205346_1699999720032211"}, {"message": "This is the best \ud83d\ude02\ud83d\ude02", "story": "Alex Hunt shared Howlers's post.", "created_time": "2017-12-09T23:06:34+0000", "id": "971601776205346_1699986403366876"}, {"story": "Alex Hunt shared LADbible's video.", "created_time": "2017-12-09T05:17:16+0000", "id": "971601776205346_1699208956777954"}, {"story": "Alex Hunt shared ABC News's video.", "created_time": "2017-12-08T02:17:00+0000", "id": "971601776205346_1698083973557119"}, {"story": "Alex Hunt shared Jurassic World's video.", "created_time": "2017-12-08T02:15:37+0000", "id": "971601776205346_1698083253557191"}, {"story": "Alex Hunt shared Female Thoughts's video.", "created_time": "2017-12-06T02:59:20+0000", "id": "971601776205346_1696088227090027"}, {"story": "Alex Hunt shared an event.", "created_time": "2017-12-06T01:26:12+0000", "id": "971601776205346_1696027040429479"}, {"message": "\u2764\ufe0f\u2764\ufe0f", "story": "Alex Hunt shared Obsessed by BuzzFeed's video.", "created_time": "2017-12-01T12:57:20+0000", "id": "971601776205346_1691366844228832"}, {"message": "All my loves \u2764\ufe0f", "story": "Alex Hunt shared Ghost Killer Entertainment's video.", "created_time": "2017-12-01T02:43:33+0000", "id": "971601776205346_1690946837604166"}, {"story": "Alex Hunt shared Mike Khoury's video.", "created_time": "2017-11-30T19:57:27+0000", "id": "971601776205346_1690665457632304"}, {"story": "Alex Hunt shared Petty Mayonnaise's video.", "created_time": "2017-11-30T16:04:21+0000", "id": "971601776205346_1690483184317198"}, {"story": "Alex Hunt shared ATTN:'s video.", "created_time": "2017-11-26T22:11:55+0000", "id": "971601776205346_1686317601400423"}, {"story": "Alex Hunt shared 3am Thoughts's photo.", "created_time": "2017-11-25T21:41:08+0000", "id": "971601776205346_1685232998175550"}, {"message": "I'm loving this \ud83d\ude0d\ud83d\ude0d", "created_time": "2017-11-24T01:21:04+0000", "id": "971601776205346_1683419721690211"}], "Niko Petrone": [{"story": "Niko Petrone shared Life Goes On's video.", "created_time": "2017-12-12T05:43:45+0000", "id": "100000975967275_1862299847145863"}, {"story": "Niko Petrone shared Jackson ODoherty's video.", "created_time": "2017-12-11T06:10:09+0000", "id": "100000975967275_1861058250603356"}, {"story": "Niko Petrone shared God's Not Dead's photo.", "created_time": "2017-12-06T09:38:25+0000", "id": "100000975967275_1854634844579030"}, {"story": "Niko Petrone shared Facing the Giants the Movie's video.", "created_time": "2017-11-15T03:02:37+0000", "id": "100000975967275_1825507284158453"}, {"created_time": "2017-09-13T04:51:07+0000", "id": "100000975967275_1745521405490375"}, {"story": "Niko Petrone shared Rick Lax's live video.", "created_time": "2017-01-09T04:09:27+0000", "id": "100000975967275_1414975041878348"}, {"story": "Niko Petrone shared a link.", "created_time": "2016-11-30T04:53:20+0000", "id": "100000975967275_1342153145827205"}, {"story": "Niko Petrone shared Buona Algonquin's photo.", "created_time": "2016-11-17T22:34:35+0000", "id": "100000975967275_1328006700575183"}, {"story": "Niko Petrone shared Sina Balouch's post \u2014 with Dante Petrone and Aleksandra Klepacki.", "created_time": "2016-11-06T01:33:06+0000", "id": "100000975967275_1314299685279218"}, {"message": "SuiT", "story": "Niko Petrone updated his profile picture.", "created_time": "2016-10-11T23:50:34+0000", "id": "100000975967275_1286657021376818"}, {"message": "Check out more of PROJECT 2 on SuiT", "story": "Niko Petrone is with Sina Balouch.", "created_time": "2016-09-13T01:15:11+0000", "id": "100000975967275_1256661041043083"}, {"story": "Niko Petrone updated his profile picture.", "created_time": "2016-09-13T00:50:30+0000", "id": "100000975967275_1256655704376950"}, {"story": "Niko Petrone updated his cover photo.", "created_time": "2016-09-13T00:46:49+0000", "id": "100000975967275_1256653071043880"}, {"message": "Happy 3 year love! I cant believe its already here! I'm blessed to have you! Love you", "story": "Niko Petrone added 2 new photos.", "created_time": "2016-09-13T00:31:14+0000", "id": "100000975967275_1256643994378121"}, {"message": "Happy 3 year love! I cant believe its already here! I'm blessed to have you! Love you", "story": "Niko Petrone added 65 new photos.", "created_time": "2016-09-12T21:02:44+0000", "id": "100000975967275_1256643954378125"}], "Noah Dirck": [{"story": "Noah Dirck shared Liquid memes's photo.", "created_time": "2017-06-14T14:21:38+0000", "id": "798152080232722_1368050226576235"}, {"story": "Noah Dirck shared Goalcast's video.", "created_time": "2017-04-11T14:51:19+0000", "id": "798152080232722_1305413042839954"}, {"message": "RIP George. I hope you gave it to someone special #lastchristmas", "created_time": "2016-12-26T00:19:06+0000", "id": "798152080232722_1197908300257096"}, {"story": "Noah Dirck shared Humans of New York's photo.", "created_time": "2016-12-07T17:15:40+0000", "id": "798152080232722_1174884462559480"}, {"story": "Noah Dirck shared Guns of Mass's video.", "created_time": "2016-12-04T20:09:57+0000", "id": "798152080232722_1170675189647074"}, {"story": "Noah Dirck shared Methamphetamemes's photo.", "created_time": "2016-12-02T16:03:42+0000", "id": "798152080232722_1167810903266836"}, {"story": "Noah Dirck updated his cover photo.", "created_time": "2016-11-09T10:35:06+0000", "id": "798152080232722_1145163125531614"}, {"story": "Noah Dirck shared Joan Cornell\u00e0's photo.", "created_time": "2016-11-03T16:57:07+0000", "id": "798152080232722_1138999902814603"}, {"story": "Noah Dirck shared Mandatory's photo.", "created_time": "2016-10-31T11:53:20+0000", "id": "798152080232722_1135662016481725"}, {"message": "Me playing BF1", "story": "Noah Dirck shared Snoop Dogg's video.", "created_time": "2016-10-25T18:04:57+0000", "id": "798152080232722_1130709976976929"}, {"message": "RIP", "story": "Noah Dirck shared Glen - the walking dead's photo.", "created_time": "2016-10-24T01:30:33+0000", "id": "798152080232722_1129355260445734"}, {"story": "Noah Dirck shared Methamphetamemes's photo.", "created_time": "2016-10-04T20:20:34+0000", "id": "798152080232722_1113035038744423"}, {"message": "\ud83d\ude10\ud83d\udd2b", "story": "Noah Dirck shared Anonymous's video.", "created_time": "2016-09-27T01:14:37+0000", "id": "798152080232722_1106727196041874"}, {"story": "Noah Dirck updated his cover photo.", "created_time": "2016-09-22T23:56:39+0000", "id": "798152080232722_1103405959707331"}, {"story": "Noah Dirck shared HD Quality's video.", "created_time": "2016-09-14T21:18:08+0000", "id": "798152080232722_1096907853690475"}, {"story": "Noah Dirck shared Nihilist Memes's photo.", "created_time": "2016-09-01T01:56:51+0000", "id": "798152080232722_1084999454881315"}, {"message": "NO NO NO NOOOO RIP YOU WERE SO MUCH BETTER THAN JOHNNY DEPP", "story": "Noah Dirck shared Mandatory's photo.", "created_time": "2016-08-29T21:43:59+0000", "id": "798152080232722_1083347301713197"}, {"story": "Noah Dirck updated his cover photo.", "created_time": "2016-08-10T04:09:56+0000", "id": "798152080232722_1068173323230595"}], "Alex Hondro Kahan": [{"message": "http://lab.cscs.lsa.umich.edu/join/wyf5xa0qxo/\n\nIf you have a minute please fill out this survey.  It's for a study one of my professors is working on and all you have to do is rate web comics!", "created_time": "2017-12-01T02:00:54+0000", "id": "834046499988722_1612420965484601"}, {"message": "Shoutout to Zander Tyger Allman", "created_time": "2017-07-18T00:28:51+0000", "id": "834046499988722_1482404478486251"}, {"message": "Me as a Minion. BANANA", "story": "Alex Hondro Kahan is at Santa Catalina Island.", "created_time": "2017-07-08T02:31:55+0000", "id": "834046499988722_1472468742813158"}, {"message": "Tomorrow I'll be leaving for Catalina Island where I'll be a camp counselor for the summer.  I'll have very minimal cellular service/wifi so if you try to contact me I probably won't respond in a timely manner.  The best and most fun way to reach me will be through mail, so if you feel like sending me a letter or package send it here.\n\nLetters:\nAlex Kahan\nc/o Catalina Sea Camp\nP.O. Box 796\nAvalon, CA 90704\n\nPackages:\nAlex Kahan\nc/o Catalina Sea Camp\n1 Toyon Bay \nAvalon, CA 90704", "created_time": "2017-06-03T04:13:54+0000", "id": "834046499988722_1435558019837564"}, {"story": "Alex Hondro Kahan updated his profile picture.", "created_time": "2017-05-29T22:08:42+0000", "id": "834046499988722_1430728786987154"}, {"story": "Alex Hondro Kahan updated his profile picture.", "created_time": "2017-05-29T22:08:33+0000", "id": "834046499988722_1430728736987159"}, {"message": "Enjoying a delicious papaya!", "story": "Alex Hondro Kahan is at Puerto Escondido Oax..", "created_time": "2017-05-25T02:44:31+0000", "id": "834046499988722_1426015487458484"}, {"message": "Got to spend my birthday in Mexico City. It was cool", "created_time": "2017-05-20T15:59:00+0000", "id": "834046499988722_1421825107877522"}, {"story": "Alex Hondro Kahan updated his cover photo.", "created_time": "2017-05-17T05:54:27+0000", "id": "834046499988722_1418764208183612"}, {"story": "Alex Hondro Kahan updated his profile picture.", "created_time": "2017-05-17T05:54:03+0000", "id": "834046499988722_1418763978183635"}, {"story": "Alex Hondro Kahan shared a link.", "created_time": "2017-04-08T17:50:48+0000", "id": "834046499988722_1381854091874624"}, {"story": "Alex Hondro Kahan shared a link.", "created_time": "2017-04-04T00:27:13+0000", "id": "834046499988722_1376795495713817"}, {"story": "Alex Hondro Kahan shared a link.", "created_time": "2017-04-01T17:36:49+0000", "id": "834046499988722_1374464472613586"}, {"story": "Alex Hondro Kahan shared a link.", "created_time": "2017-03-30T14:26:36+0000", "id": "834046499988722_1372207879505912"}, {"message": "@jonahlaz caught me with a drone. This was right before I threw a rock at it", "story": "Alex Hondro Kahan is in Cabo San Lucas, Baja California Sur.", "created_time": "2017-03-27T01:59:11+0000", "id": "834046499988722_1368968753163158"}, {"message": "Its pretty nice here. Can't complain", "story": "Alex Hondro Kahan is at Cabo Surf Hotel.", "created_time": "2017-03-24T23:38:46+0000", "id": "834046499988722_1366921596701207"}, {"story": "Alex Hondro Kahan shared a link.", "created_time": "2017-03-22T01:19:23+0000", "id": "834046499988722_1363925617000805"}, {"story": "Alex Hondro Kahan shared a link.", "created_time": "2017-03-19T15:56:24+0000", "id": "834046499988722_1361802790546421"}, {"story": "Alex Hondro Kahan shared a link.", "created_time": "2017-03-10T15:07:29+0000", "id": "834046499988722_1352413454818688"}], "Anisha Amurthur": [{"message": "Thank you Ashwin Amurthur for being the best friend and brother I could ever ask for!! I'm so grateful for your constant encouragement, support and for all that you have done for me.Hope to follow the path of my biggest role model in college <3 <3", "story": "Anisha Amurthur updated her profile picture.", "created_time": "2016-08-31T02:32:57+0000", "id": "915690595190495_1089016401191246"}, {"message": "Thanks so much Mom and Dad for giving me my first Broadway experience!! Wicked was truly Wicked!!!!", "story": "Anisha Amurthur is with Ram Amurthur and 2 others.", "created_time": "2016-05-23T01:36:55+0000", "id": "915690595190495_1022670174492536"}, {"message": "University of Michigan- Ann Arbor Class of 2020!\n#Victors2020 Go Blue \ud83d\udc99\ud83d\udc9b\ud83d\udc99\ud83d\udc9b\n\nThanks so much everyone :)", "created_time": "2016-04-21T22:37:11+0000", "id": "915690595190495_1004558112970409"}, {"story": "Anisha Amurthur updated her profile picture.", "created_time": "2015-11-14T15:21:01+0000", "id": "915690595190495_916515411774680"}, {"message": "Happy Father's Day to the amazing Ram Amurthur! Don't know what I'd do without your constant encouragement and support! You're the best <3", "created_time": "2015-06-21T14:08:49+0000", "id": "915690595190495_853705684722320"}, {"message": "Be sure to wear GREEN tomorrow for Earth Day!!", "created_time": "2015-04-22T00:10:07+0000", "id": "915690595190495_824681277624761"}, {"message": "Happy National Siblings Day to the best older brother in the world!! so lucky to always have you by my side Ashwin Amurthur", "created_time": "2015-04-10T18:29:10+0000", "id": "915690595190495_818912681534954"}, {"message": "Happy New Year Everyone!!", "created_time": "2015-01-01T05:04:31+0000", "id": "915690595190495_764085840350972"}, {"message": "Happy Diwali Everyone!!! Enjoy a day off with some tasty snacks :)", "created_time": "2014-10-23T12:06:23+0000", "id": "915690595190495_724969144262642"}, {"message": "Sadana Padmanabhan and Sahana Padmanabhan!! \n\nI've known you guys for about 9 years and all through these years, i've seen how dedicated and passionate you guys are towards dancing. Through consistent dance sessions and practices you guys have worked really hard for this big performance and you should be really happy because it WAS ABSOLUTELY PHENOMENAL!!!! . i was so captivated by your moves throughout. From the times with krithika akka, you guys have become such perfectionists in your dancing as well as with everything else you do. you guys were so in sync and your solo performances were even more extraordinary!!! Not only was you performance breathtaking and mind-blowing you guys looked SO GORGEOUS AND BEAUTIFUL in your costumes!!! Congrats both of you, I'm so proud of you guys!! love you both <3 <3", "created_time": "2014-07-21T02:27:32+0000", "id": "915690595190495_674354155990808"}, {"message": "Happy 20th Birthday to the the best bro in the world Ashwin Amurthur <3 <3 You have had 19 great years(even though I've only known you for 14 of them) and have many more amazing and prosperous years ahead of you!", "created_time": "2013-12-25T00:30:52+0000", "id": "915690595190495_569726609786897"}, {"message": "Hey Rising Freshmen, \n    Have a terrific summer :)))!!!!!", "created_time": "2012-06-16T02:25:19+0000", "id": "915690595190495_314339248658969"}, {"message": "come to switzerland", "created_time": "2012-04-15T16:01:55+0000", "id": "915690595190495_270958056330422"}, {"message": "8T:)", "created_time": "2011-08-22T13:07:08+0000", "id": "915690595190495_137517223007840"}, {"message": "FB Finally!!", "created_time": "2011-08-08T07:23:18+0000", "id": "915690595190495_130582767034619"}, {"story": "Anisha Amurthur updated her profile picture.", "created_time": "2011-08-08T07:08:32+0000", "id": "915690595190495_130579557034940"}]}}
