{"data": [{"message": "Thank you @wendys for an unbelievable weekend and another great year at the Heisman Awards Ceremony! @ PlayStation Theater", "story": "Lauren Van Vlierbergen posted 4 photos.", "created_time": "2017-12-11T15:29:23+0000", "id": "1090157221024558_1903790702994535"}, {"message": "Good weather, good vibes, good rooftop, decent guy \u2603\ufe0f\ud83c\udf81\ud83c\udf85\ud83c\udffb", "story": "Lauren Van Vlierbergen added a new photo \u2014 with Adam Trosin in New York, New York.", "created_time": "2017-12-09T18:39:39+0000", "id": "1090157221024558_1901365399903732"}, {"message": "OG gonq gang \ud83d\udd25\ud83c\udf84", "story": "Lauren Van Vlierbergen added a new photo \u2014 with Taylor Bona and 3 others in Algonquin, Illinois.", "created_time": "2017-11-26T01:30:23+0000", "id": "1090157221024558_1881692915204314"}, {"message": "The only lifting I\u2019ll be doing today \ud83e\udd83", "story": "Lauren Van Vlierbergen added a new photo \u2014 at Life Time Fitness - Algonquin.", "created_time": "2017-11-23T18:30:21+0000", "id": "1090157221024558_1878712508835688"}, {"message": "McKinley girls \ud83d\ude0a", "story": "Lauren Van Vlierbergen added a new photo \u2014 at Gandy Dancer.", "created_time": "2017-11-12T18:45:33+0000", "id": "1090157221024558_1864325566941049"}, {"story": "Lauren Van Vlierbergen shared a link.", "created_time": "2017-10-20T14:01:17+0000", "id": "1090157221024558_1834227906617482"}, {"message": "Year 3 with these 3", "story": "Lauren Van Vlierbergen added a new photo \u2014 with Lori Kerns Deitch at Michigan Stadium \"The Big House\".", "created_time": "2017-10-08T16:12:36+0000", "id": "1090157221024558_1819405438099729"}, {"message": "To staying healthy this season \ud83d\udc95", "story": "Lauren Van Vlierbergen added a new photo \u2014 at University of Michigan.", "created_time": "2017-09-29T15:47:36+0000", "id": "1090157221024558_1808350339205239"}, {"message": "Ready to represent the block \u303d\ufe0fthis season!", "story": "Lauren Van Vlierbergen updated her profile picture.", "created_time": "2017-09-17T18:37:17+0000", "id": "1090157221024558_1794365457270394"}, {"message": "\ud83d\udc9b\ud83d\udc99\u303d\ufe0f\ud83d\udc99\ud83d\udc9b", "story": "Lauren Van Vlierbergen added a new photo \u2014 at University of Michigan.", "created_time": "2017-09-17T14:34:30+0000", "id": "1090157221024558_1794130040627269"}, {"message": "Rush DSP and find your squad \ud83d\ude0a", "story": "Lauren Van Vlierbergen updated her profile picture.", "created_time": "2017-08-29T01:32:37+0000", "id": "1090157221024558_1769927043047569"}, {"message": "HAHAHAHA", "story": "Lauren Van Vlierbergen shared a memory \u2014 with Molly Barnes and 4 others.", "created_time": "2017-08-18T13:59:51+0000", "id": "1090157221024558_1757553230951617"}, {"message": "Missing Australia a little extra today \ud83d\udc20", "story": "Lauren Van Vlierbergen is at The Great Barrier Reef.", "created_time": "2017-08-02T00:28:03+0000", "id": "1090157221024558_1736834353023505"}, {"message": "Happy Father's Day dad. Even from halfway across the world, you're still the best\u2764\ufe0f", "story": "Lauren Van Vlierbergen is with Dave Van Vlierbergen at O'Hare, Chicago.", "created_time": "2017-06-19T02:20:17+0000", "id": "1090157221024558_1678666818840259"}, {"message": "We look better with the lights off", "story": "Lauren Van Vlierbergen is at Sydney Harbour Bridge.", "created_time": "2017-06-14T23:16:14+0000", "id": "1090157221024558_1673083719398569"}, {"message": "YES Jaimie Phelan EVERYONE!!!! \ud83d\ude0d\u2764\ufe0f\ud83d\ude0d\u2764\ufe0f\ud83d\ude0d", "story": "Lauren Van Vlierbergen shared Michigan Women's Track and Field's video.", "created_time": "2017-06-12T05:35:00+0000", "id": "1090157221024558_1669465979760343"}, {"story": "Lauren Van Vlierbergen shared Michigan Women's Track and Field's video.", "created_time": "2017-06-10T10:16:12+0000", "id": "1090157221024558_1667053383334936"}, {"message": "Pointing toward the Northern hemisphere like", "story": "Lauren Van Vlierbergen is at Figure 8 Pools.", "created_time": "2017-06-03T15:41:27+0000", "id": "1090157221024558_1657153170991624"}, {"message": "Freshman orientation to Sydney. My no. 1 since day 1.", "story": "Lauren Van Vlierbergen is with Eliza Laramee and Ellie Flom at Vivid Sydney Darling Harbour.", "created_time": "2017-05-27T03:40:12+0000", "id": "1090157221024558_1647213198652288"}, {"message": "This video is about My Movie", "created_time": "2017-05-21T05:22:36+0000", "id": "1090157221024558_1640003232706618"}, {"message": "I'm excited to be going to Australia for the next 10 weeks! Here are some pictures saying bye to the fam (David I expect to see you there so you're not featured here)", "story": "Lauren Van Vlierbergen added 3 new photos \u2014 with Kathryn Van Vlierbergen and 2 others.", "created_time": "2017-05-13T03:41:27+0000", "id": "1090157221024558_1629274790446129"}, {"story": "Lauren Van Vlierbergen added 19 new photos \u2014 with Rebecca Deitch and 4 others.", "created_time": "2017-05-08T19:30:14+0000", "id": "1090157221024558_1623024461071162"}, {"message": "I'm late to post most of these but here's to college so far! \ud83d\udc9b", "story": "Lauren Van Vlierbergen added 39 new photos \u2014 with Rebecca Deitch and 22 others.", "created_time": "2017-05-08T19:29:49+0000", "id": "1090157221024558_1623023577737917"}, {"message": "this is cute", "story": "Lauren Van Vlierbergen shared a memory.", "created_time": "2017-04-28T13:52:25+0000", "id": "1090157221024558_1610087559031519"}, {"story": "Lauren Van Vlierbergen shared a link.", "created_time": "2017-04-24T16:15:46+0000", "id": "1090157221024558_1605193846187557"}, {"message": "Brita Sharef \ud83d\ude02\ud83d\ude2d", "story": "Lauren Van Vlierbergen shared Movie Trailers Now's video.", "created_time": "2017-04-18T14:03:38+0000", "id": "1090157221024558_1597462920293983"}, {"message": "Bring back bangs 2k17", "story": "Lauren Van Vlierbergen is with Kathryn Van Vlierbergen and 3 others at Easter Bunny Rentals.", "created_time": "2017-04-16T17:41:10+0000", "id": "1090157221024558_1595271130513162"}, {"message": "We made a similar squeak when we saw each other today hehe", "story": "Lauren Van Vlierbergen shared UNILAD's video \u2014 with Taylor Bona.", "created_time": "2017-04-16T06:47:54+0000", "id": "1090157221024558_1594699343903674"}, {"message": "This is me and Alyssa Saunders", "story": "Lauren Van Vlierbergen shared BUGSY LUV's video.", "created_time": "2017-04-15T02:56:50+0000", "id": "1090157221024558_1593272077379734"}, {"message": "Nahal Hashemian, Alyssa Saunders, Mackie Traub, Adam Eibel i hate this so much lol", "story": "Lauren Van Vlierbergen shared Daily Mail's video.", "created_time": "2017-03-30T16:59:44+0000", "id": "1090157221024558_1571948582845417"}, {"message": "HBD to my best friend and little sister\ud83d\udc95 I love you so much and can't believe you'll be graduating in a few weeks. Welcome to adulthood kathy\ud83d\ude18", "created_time": "2017-03-24T17:16:26+0000", "id": "1090157221024558_1564177563622519"}, {"message": "hbd Eliza Laramee, I hope you have a great day! I found a couple awkward pics of us and realized we need to get it together if we're going to take cute pictures in Australia. Love you bae and can't wait for our 2 months of adventures this summer \ud83d\udc95", "story": "Lauren Van Vlierbergen is with Eliza Laramee.", "created_time": "2017-02-07T16:00:27+0000", "id": "1090157221024558_1501636916543251"}, {"story": "Lauren Van Vlierbergen updated her cover photo.", "created_time": "2017-01-23T02:36:19+0000", "id": "1090157221024558_1479188802121396"}, {"story": "Lauren Van Vlierbergen shared UNILAD's video.", "created_time": "2017-01-06T14:25:22+0000", "id": "1090157221024558_1455401337833476"}, {"story": "Lauren Van Vlierbergen updated her cover photo.", "created_time": "2017-01-03T06:25:25+0000", "id": "1090157221024558_1448550398518570"}, {"message": "Alec Bognar", "story": "Lauren Van Vlierbergen shared Amy Winehouse Italia's video.", "created_time": "2017-01-03T02:05:57+0000", "id": "1090157221024558_1448163908557219"}, {"story": "Lauren Van Vlierbergen shared The18's video.", "created_time": "2016-12-31T16:40:39+0000", "id": "1090157221024558_1442480555792221"}, {"story": "Lauren Van Vlierbergen shared 9GAG's video.", "created_time": "2016-12-23T17:28:44+0000", "id": "1090157221024558_1424615100912100"}, {"message": "Ready to represent the block \u303d\ufe0fthis season!", "story": "Lauren Van Vlierbergen updated her profile picture.", "created_time": "2016-12-03T00:04:47+0000", "id": "1090157221024558_1390838037623140"}, {"story": "Lauren Van Vlierbergen shared Michigan Women's Track and Field's photo.", "created_time": "2016-10-30T16:06:10+0000", "id": "1090157221024558_1350921581614786"}, {"story": "Lauren Van Vlierbergen updated her cover photo.", "created_time": "2016-09-19T02:23:35+0000", "id": "1090157221024558_1304336482939963"}, {"message": "So happy to have finished my first semester at Michigan! Couldn't have asked for a better school, Go Blue!\n\nPC: Nahal :)", "story": "Lauren Van Vlierbergen updated her profile picture.", "created_time": "2016-09-19T02:23:20+0000", "id": "1090157221024558_1304336282939983"}, {"story": "Lauren Van Vlierbergen updated her cover photo.", "created_time": "2016-09-04T21:36:28+0000", "id": "1090157221024558_1288145194559092"}, {"story": "Lauren Van Vlierbergen shared a link.", "created_time": "2016-08-17T23:50:01+0000", "id": "1090157221024558_1268214696552142"}, {"message": "Emma Doorn, I thought you'd appreciate this\u2764\ufe0f\u2764\ufe0f", "story": "Lauren Van Vlierbergen shared AJ+'s video.", "created_time": "2016-08-13T20:16:48+0000", "id": "1090157221024558_1264216686951943"}, {"story": "Lauren Van Vlierbergen shared Bleacher Report's video.", "created_time": "2016-07-07T18:25:29+0000", "id": "1090157221024558_1224986880874924"}, {"message": "it's our friendaversary!!", "story": "Lauren Van Vlierbergen is with Molly Barnes.", "created_time": "2016-06-25T12:50:33+0000", "id": "1090157221024558_1216158661757746"}, {"story": "Lauren Van Vlierbergen shared Tech Insider's video.", "created_time": "2016-06-16T04:14:12+0000", "id": "1090157221024558_1209237269116552"}, {"story": "Lauren Van Vlierbergen shared Michigan Women's Track and Field's album.", "created_time": "2016-05-05T17:16:24+0000", "id": "1090157221024558_1179613222078957"}, {"message": "ILL VENMO YOU FOR A PUPPY. PLEASE SOS Meg Darmofal, Kaela Theut, Emma Doorn, Mary Kate McNamara, Natalie Baxter, Claire Ford @AnyoneInMichiganRN\ud83d\ude4f\ud83c\udffd\u2764\ufe0f", "created_time": "2016-05-04T22:53:27+0000", "id": "1090157221024558_1179112108795735"}, {"story": "Lauren Van Vlierbergen shared FloTrack's video.", "created_time": "2016-05-03T00:53:31+0000", "id": "1090157221024558_1177814215592191"}, {"story": "Lauren Van Vlierbergen shared a link.", "created_time": "2016-04-06T01:52:26+0000", "id": "1090157221024558_1157977677575845"}, {"story": "Lauren Van Vlierbergen shared a link.", "created_time": "2016-03-24T22:57:08+0000", "id": "1090157221024558_1146953768678236"}, {"message": "Trueeeee", "story": "Lauren Van Vlierbergen is with Rebecca Deitch and 2 others.", "created_time": "2016-02-23T04:31:30+0000", "id": "1090157221024558_1124662344240712"}, {"created_time": "2016-02-03T05:04:58+0000", "id": "1090157221024558_1111438815563065"}, {"message": "Meg Darmofal , Sylvie Evarts , Kaela Theut , & Rebecca Deitch \ud83d\udc95", "created_time": "2016-01-23T00:28:33+0000", "id": "1090157221024558_1104745579565722"}, {"story": "Lauren Van Vlierbergen updated her cover photo.", "created_time": "2016-01-07T02:32:22+0000", "id": "1090157221024558_1095288567178090"}, {"story": "Lauren Van Vlierbergen added a life event from 2016: Started School at The Ross School of Business \u2014 in Ann Arbor, Michigan.", "created_time": "2016-01-01T08:00:00+0000", "id": "1090157221024558_1185608194812793"}, {"message": "So happy to have finished my first semester at Michigan! Couldn't have asked for a better school, Go Blue!\n\nPC: Nahal :)", "story": "Lauren Van Vlierbergen updated her profile picture.", "created_time": "2015-12-21T19:53:51+0000", "id": "1090157221024558_1085212958185651"}, {"story": "Lauren Van Vlierbergen shared a link.", "created_time": "2015-12-17T22:30:58+0000", "id": "1090157221024558_1082779615095652"}, {"message": "LOL Meg Darmofal", "created_time": "2015-11-26T06:33:55+0000", "id": "1090157221024558_1070978766275737"}, {"message": "Kathryn Van Vlierbergen\u2764\ufe0f", "story": "Lauren Van Vlierbergen shared cambio's photo.", "created_time": "2015-11-18T04:02:04+0000", "id": "1090157221024558_1067086133331667"}, {"message": "Photo Creds to Nahal :)", "story": "Lauren Van Vlierbergen updated her profile picture.", "created_time": "2015-11-02T00:54:41+0000", "id": "1090157221024558_1058874804152800"}, {"message": "Shoutout to Alexandra Lorenz&Kailash Panch for being the Jacobs High School level winners of Wendy's High School Heisman! Good luck at the next levels guys!", "created_time": "2015-10-26T23:04:22+0000", "id": "1090157221024558_1055923207781293"}, {"message": "About to see Taylor Bona&Alec Bognar", "story": "Lauren Van Vlierbergen is in Chicago, Illinois.", "created_time": "2015-10-18T01:41:48+0000", "id": "1090157221024558_1051676984872582"}, {"story": "Lauren Van Vlierbergen updated her profile picture.", "created_time": "2015-10-17T17:17:58+0000", "id": "1090157221024558_1051439238229690"}, {"story": "Lauren Van Vlierbergen shared a link.", "created_time": "2015-09-18T11:51:28+0000", "id": "1090157221024558_1037094679664146"}, {"story": "Lauren Van Vlierbergen updated her cover photo.", "created_time": "2015-09-12T19:27:08+0000", "id": "1090157221024558_1034124373294510"}, {"story": "Lauren Van Vlierbergen updated her profile picture.", "created_time": "2015-05-17T21:07:17+0000", "id": "1090157221024558_970000189706929"}, {"story": "Lauren Van Vlierbergen updated her profile picture.", "created_time": "2015-05-06T01:39:32+0000", "id": "1090157221024558_964253510281597"}, {"story": "Lauren Van Vlierbergen added 82 new photos \u2014 with Taylor Bona and 8 others.", "created_time": "2015-05-03T19:14:40+0000", "id": "1090157221024558_963229477050667"}, {"story": "Lauren Van Vlierbergen added a new photo \u2014 with Dave Van Vlierbergen.", "created_time": "2015-05-03T19:14:40+0000", "id": "1090157221024558_963229473717334"}, {"story": "Lauren Van Vlierbergen added 30 new photos \u2014 with Taylor Bona and 4 others.", "created_time": "2015-05-02T23:49:59+0000", "id": "1090157221024558_962857320421216"}, {"story": "Lauren Van Vlierbergen added a life event from 2015: Started School at University of Michigan \u2014 in Ann Arbor, Michigan.", "created_time": "2015-01-01T08:00:00+0000", "id": "1090157221024558_976043112435970"}, {"story": "Lauren Van Vlierbergen updated her cover photo.", "created_time": "2014-10-01T01:40:01+0000", "id": "1090157221024558_840443395995943"}, {"message": "I was nominated by Jenna Frantik to the ALS Ice bucket challenge & I nominate Kyle Eubanks, Courtney Eubanks, and Alec Bognar. You have 24 hours!!", "story": "Lauren Van Vlierbergen is with Molly Barnes and 4 others.", "created_time": "2014-08-18T23:02:41+0000", "id": "1090157221024558_818811321492484"}, {"message": "hi", "created_time": "2013-12-23T06:38:07+0000", "id": "1090157221024558_684678571572427"}, {"story": "Lauren Van Vlierbergen updated her profile picture.", "created_time": "2013-08-19T00:27:27+0000", "id": "1090157221024558_520476167992669"}, {"story": "Lauren Van Vlierbergen updated her cover photo.", "created_time": "2013-07-01T18:17:18+0000", "id": "1090157221024558_596174897089462"}, {"message": "see you at stateee! (:", "story": "Lauren Van Vlierbergen is with Samantha Baran.", "created_time": "2012-11-02T00:33:39+0000", "id": "1090157221024558_489136877793265"}, {"message": "Homecoming 2012!", "story": "Lauren Van Vlierbergen updated her cover photo.", "created_time": "2012-10-07T22:39:28+0000", "id": "1090157221024558_479093508797602"}, {"story": "Lauren Van Vlierbergen added a new photo.", "created_time": "2012-10-07T22:38:51+0000", "id": "1090157221024558_479093332130953"}, {"message": "cross country. <3", "story": "Lauren Van Vlierbergen updated her profile picture.", "created_time": "2012-09-22T00:02:16+0000", "id": "1090157221024558_473116576061962"}, {"story": "Lauren Van Vlierbergen updated her cover photo.", "created_time": "2012-09-03T02:33:00+0000", "id": "1090157221024558_465733703466916"}, {"message": "Which onee!", "story": "Lauren Van Vlierbergen added 17 new photos \u2014 with Kayla Giuliano and 2 others.", "created_time": "2012-08-11T02:54:13+0000", "id": "1090157221024558_457204030986550"}, {"story": "Lauren Van Vlierbergen added a new photo \u2014 with Kayla Giuliano and 2 others.", "created_time": "2012-08-11T02:54:13+0000", "id": "1090157221024558_457202957653324"}, {"message": "Twinning<3", "story": "Lauren Van Vlierbergen is with Taylor Bona at University of Wisconsin-Madison.", "created_time": "2012-07-23T22:35:56+0000", "id": "1090157221024558_450654251641528"}, {"story": "Lauren Van Vlierbergen updated her cover photo.", "created_time": "2012-06-13T11:26:42+0000", "id": "1090157221024558_431740330199587"}, {"story": "Lauren Van Vlierbergen added a new photo.", "created_time": "2012-05-21T23:55:05+0000", "id": "1090157221024558_417970401576580"}, {"story": "Lauren Van Vlierbergen added 101 new photos \u2014 with Allie Virgilio and Kayla Giuliano.", "created_time": "2012-05-21T23:51:15+0000", "id": "1090157221024558_417981721575448"}, {"message": "Staaate boundd<3", "story": "Lauren Van Vlierbergen is with Kayla Giuliano at Comfort Inn- Casey, IL.", "created_time": "2012-05-17T23:05:51+0000", "id": "1090157221024558_415613161812304"}, {"message": "Conference 2012<33", "story": "Lauren Van Vlierbergen is with Taylor Bona and Molly Barnes.", "created_time": "2012-05-04T19:54:32+0000", "id": "1090157221024558_406910159349271"}, {"message": "Hahahah lookingg goood!", "story": "Lauren Van Vlierbergen is with Taylor Bona and 6 others.", "created_time": "2012-04-03T00:25:45+0000", "id": "1090157221024558_382274445146176"}, {"message": "Photo Cred- Tiffany.(: Landsharkkk!", "story": "Lauren Van Vlierbergen is with Taylor Bona and 6 others.", "created_time": "2012-02-25T21:01:27+0000", "id": "1090157221024558_359091400797814"}, {"message": "Asiaan paarty!<3", "story": "Lauren Van Vlierbergen is with Esther O\u00f1ate and 4 others.", "created_time": "2012-01-29T02:04:41+0000", "id": "1090157221024558_339342339439387"}, {"story": "Lauren Van Vlierbergen added a new photo \u2014 with Sarah Wenzelman.", "created_time": "2012-01-22T17:01:44+0000", "id": "1090157221024558_334682023238752"}, {"story": "Lauren Van Vlierbergen added a new photo \u2014 with Sarah Wenzelman.", "created_time": "2012-01-22T17:01:22+0000", "id": "1090157221024558_334681836572104"}, {"story": "Lauren Van Vlierbergen added a new photo \u2014 with Molly Barnes and Amanda Pasetes.", "created_time": "2012-01-22T17:00:12+0000", "id": "1090157221024558_334681039905517"}, {"story": "Lauren Van Vlierbergen added a new photo.", "created_time": "2012-01-22T16:59:30+0000", "id": "1090157221024558_334680663238888"}, {"story": "Lauren Van Vlierbergen added a new photo.", "created_time": "2012-01-22T16:58:45+0000", "id": "1090157221024558_334680223238932"}, {"story": "Lauren Van Vlierbergen added a new photo \u2014 with Jacob Callihan.", "created_time": "2012-01-19T02:53:26+0000", "id": "1090157221024558_332185433488411"}, {"story": "Lauren Van Vlierbergen added a new photo.", "created_time": "2012-01-19T02:53:10+0000", "id": "1090157221024558_332185336821754"}, {"story": "Lauren Van Vlierbergen added a new photo \u2014 with Shriyans Lenkala and Jacob Callihan.", "created_time": "2012-01-19T02:52:51+0000", "id": "1090157221024558_332185213488433"}, {"story": "Lauren Van Vlierbergen added a new photo \u2014 with Taylor Bona and 2 others.", "created_time": "2012-01-19T02:52:30+0000", "id": "1090157221024558_332185036821784"}, {"message": "Ooving with Chloe && Jacob!(:", "created_time": "2011-12-20T06:36:58+0000", "id": "1090157221024558_313531522020469"}, {"message": "Hiiii<3 I'm Lauren, I love my big sis Tiffany sooo sooo sooo much, & she is my best friend. She is the prettiest person I know.<3", "created_time": "2011-11-12T02:37:45+0000", "id": "1090157221024558_290818947625060"}, {"story": "Lauren Van Vlierbergen added a new photo \u2014 with Thomas Chirayil and 5 others.", "created_time": "2011-10-23T21:11:13+0000", "id": "1090157221024558_281689921871296"}, {"story": "Lauren Van Vlierbergen added a new photo \u2014 with Thomas Chirayil and 5 others.", "created_time": "2011-10-23T21:10:50+0000", "id": "1090157221024558_281689741871314"}, {"story": "Lauren Van Vlierbergen added 6 new photos \u2014 with Thomas Chirayil and 5 others.", "created_time": "2011-10-23T21:09:32+0000", "id": "1090157221024558_281689195204702"}, {"message": "Cornmazee", "story": "Lauren Van Vlierbergen is with Taylor Bona and Molly Barnes.", "created_time": "2011-10-16T01:15:38+0000", "id": "1090157221024558_277973575576264"}, {"message": "Christmas card! (: lol", "story": "Lauren Van Vlierbergen is with Molly Barnes and Amanda Pasetes.", "created_time": "2011-10-13T00:18:46+0000", "id": "1090157221024558_276554119051543"}, {"message": "I <3 mikayla mertz!!!!!!!!!!!!!!!", "created_time": "2011-10-04T12:46:25+0000", "id": "1090157221024558_272509602789328"}, {"message": "I love Oliviiaaaa! <3", "created_time": "2011-10-04T12:39:59+0000", "id": "1090157221024558_272507712789517"}, {"message": "I love Jake Callihan.<3", "created_time": "2011-09-24T17:55:01+0000", "id": "1090157221024558_268056123234676"}, {"message": "R.I.P. Lil Pimp </3\nAmanda Pasetes&&Molly Barnes", "created_time": "2011-09-22T23:19:35+0000", "id": "1090157221024558_267257306647891"}, {"story": "Lauren Van Vlierbergen added a new photo \u2014 with Morgan Frederiksen and Courtney Cassidy.", "created_time": "2011-09-08T02:35:23+0000", "id": "1090157221024558_260196384020650"}, {"story": "Lauren Van Vlierbergen added a new photo \u2014 with Jenni Barnec and 2 others.", "created_time": "2011-09-08T02:35:10+0000", "id": "1090157221024558_260196287353993"}, {"message": "Don't texxt... I broke my phone again...\n3rd time this year, that takes skill </3", "created_time": "2011-07-26T02:07:10+0000", "id": "1090157221024558_237560349617587"}, {"story": "Lauren Van Vlierbergen added 20 new photos \u2014 with Taylor Bona and 2 others.", "created_time": "2011-07-23T03:08:32+0000", "id": "1090157221024558_236115546428734"}, {"story": "Lauren Van Vlierbergen was tagged at Mt. Olympus Resorts & Parks.", "created_time": "2011-07-22T03:27:43+0000", "id": "1090157221024558_235643319809290"}, {"message": "Katie", "created_time": "2011-07-22T02:19:29+0000", "id": "1090157221024558_235620396478249"}, {"message": "Taylor", "created_time": "2011-07-22T02:19:22+0000", "id": "1090157221024558_235620319811590"}, {"message": "Ashlee", "created_time": "2011-07-22T02:19:16+0000", "id": "1090157221024558_235620283144927"}, {"message": "Six Flags with Ashlee, Katie, && Taylor !!", "created_time": "2011-07-15T13:13:38+0000", "id": "1090157221024558_232221033484852"}, {"message": "Leaving for Camp Timberlee with Bona today ! (:", "created_time": "2011-07-03T14:46:20+0000", "id": "1090157221024558_226221914084764"}, {"message": "Ashlee is the bestest person ever . She is amazing", "created_time": "2011-07-02T03:31:11+0000", "id": "1090157221024558_225579407482348"}, {"message": "My Freshman Schedule (:", "story": "Lauren Van Vlierbergen published a note.", "created_time": "2011-06-30T16:07:13+0000", "id": "1090157221024558_224813464225609"}, {"message": "I love Morgan Frederiksen :)", "created_time": "2011-06-29T20:06:37+0000", "id": "1090157221024558_224436184263337"}, {"message": "Amanda Pasetes, Taylor Bona, Molly Barnes, && Shannon Jameson all weren't at cross country today and i was lost :/ haha", "created_time": "2011-06-28T14:56:39+0000", "id": "1090157221024558_224074090966213"}, {"message": "Fun daay with Ashlee, Katie, && Taylor ! (: Btw katie, i didn't get a black eye haha.", "created_time": "2011-06-27T00:27:07+0000", "id": "1090157221024558_223630707677218"}, {"message": "Amanda haha", "story": "Lauren Van Vlierbergen is with Jenni Barnec and Amanda Cassidy.", "created_time": "2011-06-24T02:28:50+0000", "id": "1090157221024558_222823364424619"}, {"message": "I LOVE Courtney Cassidy <3", "created_time": "2011-06-24T00:45:54+0000", "id": "1090157221024558_222803894426566"}, {"message": "Just walked on the pretty little liars set while they were filming haha (:", "created_time": "2011-06-07T17:48:43+0000", "id": "1090157221024558_217089834997972"}, {"message": "Everyones reactions during texas chainsaw massacre. Lol nicky..", "story": "Lauren Van Vlierbergen is with Ashlee Zibert and 2 others.", "created_time": "2011-06-05T17:50:56+0000", "id": "1090157221024558_216495221724100"}, {"message": "Chilling with Lexi Muehleman&&Katie Collins !! (: Gonna put the the sprinkler under the trampolene haha", "created_time": "2011-06-01T17:31:16+0000", "id": "1090157221024558_215403755166580"}, {"message": "Katie just accomplished the impossible ! She French braided Ashlee's hair", "created_time": "2011-05-28T03:37:44+0000", "id": "1090157221024558_214156535291302"}, {"message": "Sleepover with Nicole Sanchez, Taylor Bona, Lexi Muehleman, Ashlee Zibert, Katie Collins, and Shannon Jameson ! (: Last Daay of school baby !", "created_time": "2011-05-28T02:41:34+0000", "id": "1090157221024558_214147751958847"}, {"message": "Got beat by 6th grade girls in dodgeball... :\\", "created_time": "2011-05-24T23:54:11+0000", "id": "1090157221024558_213313345375621"}, {"message": "Hey everyone FML ! (Find My Llama !) hahah (:\n<3 Nicole Sanchez&&Taylor Bona", "created_time": "2011-05-19T01:35:12+0000", "id": "1090157221024558_211736192200003"}, {"message": "Districts <3", "created_time": "2011-05-17T23:38:00+0000", "id": "1090157221024558_211468092226813"}, {"message": "Rubbing icyhot all over your body = a really bad idea", "created_time": "2011-05-10T22:25:43+0000", "id": "1090157221024558_209510999089189"}, {"message": "Bulls all the waay ! (: Rose=MVP", "created_time": "2011-05-09T00:36:42+0000", "id": "1090157221024558_208985929141696"}, {"story": "Lauren Van Vlierbergen added 27 new photos \u2014 with Taylor Bona and 2 others.", "created_time": "2011-05-06T22:31:05+0000", "id": "1090157221024558_208406175866338"}, {"story": "Lauren Van Vlierbergen added a new photo \u2014 with Ashlee Zibert and Katie Collins.", "created_time": "2011-05-06T22:31:05+0000", "id": "1090157221024558_208408202532802"}, {"message": "Walking around school ALL day without bending your knees is way more painful then you think. haha <3 you Amber Carter  (:", "created_time": "2011-05-05T00:41:58+0000", "id": "1090157221024558_207882819252007"}, {"message": "I was gonna make an \"OSAMA BIN LADEN IS DEAD\" status but everyone already beat me to it..", "created_time": "2011-05-02T03:14:30+0000", "id": "1090157221024558_207063649333924"}, {"message": "Sleepover with my twin Taylor Bona !! (:", "created_time": "2011-05-01T01:53:03+0000", "id": "1090157221024558_206754656031490"}, {"message": "hahah (:", "created_time": "2011-04-23T19:13:41+0000", "id": "1090157221024558_126209130789277"}, {"message": "Gonna win our basketball game today with Courtney Cassidy, Jenni Barnec, Morgan Frederiksen, Kate Glaviano, Kate Meyer, Sarah Lucansky, && amy !! (:", "created_time": "2011-04-23T17:26:54+0000", "id": "1090157221024558_204727312900891"}, {"message": "Ashlee after she bushed her hair for the first time in like 2 years hahaha", "story": "Lauren Van Vlierbergen is with Taylor Bona and Ashlee Zibert.", "created_time": "2011-04-22T19:45:49+0000", "id": "1090157221024558_204483342925288"}, {"message": "Working on our book report todaay with Ashlee Zibert, Nicole Sanchez, and Taylor Bona ! Sleepover ? I think yes (:", "created_time": "2011-04-22T15:44:47+0000", "id": "1090157221024558_204423066264649"}, {"message": "Hate being sick ):", "created_time": "2011-04-20T15:54:34+0000", "id": "1090157221024558_203872366319719"}, {"message": "Go Junior Eagels ! Won our game today and have two games tomorrow ((: Sleepover with Jenni Barnec && Courtney Cassidy !", "created_time": "2011-04-17T03:13:00+0000", "id": "1090157221024558_202920153081607"}, {"story": "Lauren Van Vlierbergen added a new photo.", "created_time": "2011-04-15T03:10:05+0000", "id": "1090157221024558_202376833135939"}, {"message": "Yeah katies doing a straight leg scorpian with high heels on haha", "created_time": "2011-04-15T03:10:05+0000", "id": "1090157221024558_202376903135932"}, {"message": "8th grade relay girls gotta step it up if we wanna break those records ! (: haha Ashlee Zibert, Courtney Cassidy, Amanda Pasetes, Nicole Sanchez, Shannon Jameson, Taylor Bona, and everyone else did great today ! (:", "created_time": "2011-04-15T00:25:24+0000", "id": "1090157221024558_202349326472023"}, {"story": "Lauren Van Vlierbergen added a new photo \u2014 with Anthony Brags and 2 others.", "created_time": "2011-04-14T00:01:52+0000", "id": "1090157221024558_202084103165212"}, {"story": "Lauren Van Vlierbergen added a new photo \u2014 with Taylor Bona.", "created_time": "2011-04-13T22:12:25+0000", "id": "1090157221024558_202063299833959"}, {"story": "Lauren Van Vlierbergen added a new photo \u2014 with Katie Collins.", "created_time": "2011-04-13T22:12:25+0000", "id": "1090157221024558_202064836500472"}, {"story": "Lauren Van Vlierbergen added a new photo \u2014 with Katie Collins.", "created_time": "2011-04-13T22:12:25+0000", "id": "1090157221024558_202064886500467"}, {"story": "Lauren Van Vlierbergen added a new photo \u2014 with Taylor Bona and 3 others.", "created_time": "2011-04-13T22:12:25+0000", "id": "1090157221024558_202063016500654"}, {"story": "Lauren Van Vlierbergen added a new photo.", "created_time": "2011-04-13T22:12:25+0000", "id": "1090157221024558_202063426500613"}, {"story": "Lauren Van Vlierbergen added a new photo \u2014 with Shannon Jameson.", "created_time": "2011-04-13T22:12:25+0000", "id": "1090157221024558_202063056500650"}, {"story": "Lauren Van Vlierbergen added a new photo.", "created_time": "2011-04-13T22:12:25+0000", "id": "1090157221024558_202063169833972"}, {"story": "Lauren Van Vlierbergen added a new photo.", "created_time": "2011-04-13T22:12:25+0000", "id": "1090157221024558_202063449833944"}, {"message": "Me and my wife ! (:", "created_time": "2011-04-13T16:56:14+0000", "id": "1090157221024558_201989766507979"}, {"message": "Made legit track bows with Ashlee Zibert, Katie Collins, Taylor Bona, and Sarah Wenzelman ! They turned out really cutee (:", "created_time": "2011-04-10T03:37:36+0000", "id": "1090157221024558_201056509934638"}, {"message": "Word on the street is Justin Bieber and Selena Gomez broke up. Love my life (: haha", "created_time": "2011-04-08T00:06:56+0000", "id": "1090157221024558_200479983325624"}, {"story": "Lauren Van Vlierbergen added a new photo.", "created_time": "2011-04-03T00:56:26+0000", "id": "1090157221024558_199154373458185"}, {"story": "Lauren Van Vlierbergen added a new photo.", "created_time": "2011-04-03T00:56:26+0000", "id": "1090157221024558_199149703458652"}, {"story": "Lauren Van Vlierbergen added a new photo.", "created_time": "2011-04-03T00:56:26+0000", "id": "1090157221024558_199155500124739"}, {"story": "Lauren Van Vlierbergen added a new photo.", "created_time": "2011-04-03T00:56:26+0000", "id": "1090157221024558_199151810125108"}, {"story": "Lauren Van Vlierbergen added a new photo.", "created_time": "2011-04-03T00:56:26+0000", "id": "1090157221024558_199151523458470"}, {"story": "Lauren Van Vlierbergen added a new photo.", "created_time": "2011-04-03T00:56:26+0000", "id": "1090157221024558_199151500125139"}, {"story": "Lauren Van Vlierbergen added a new photo.", "created_time": "2011-04-03T00:56:26+0000", "id": "1090157221024558_199151740125115"}, {"story": "Lauren Van Vlierbergen added a new photo.", "created_time": "2011-04-03T00:56:26+0000", "id": "1090157221024558_199155953458027"}, {"story": "Lauren Van Vlierbergen added a new photo.", "created_time": "2011-04-03T00:56:26+0000", "id": "1090157221024558_199151743458448"}, {"message": "On my waay to the Bulls game ! Bulls vs. Raptors ! Yeah buddy (:", "created_time": "2011-04-02T21:52:27+0000", "id": "1090157221024558_199117523461870"}, {"message": "Sleepover tonight with Danielle Siegel && Taylor Bona ? I think yes (:", "created_time": "2011-04-01T23:12:01+0000", "id": "1090157221024558_198859516821004"}, {"message": "Went to Jamba with Taylor Bona, Nicole Sanchez, Lexi Muehleman, and Shannon Jameson ! (: In bestbuy right now with shannon and lexi ! lol", "created_time": "2011-03-30T20:00:03+0000", "id": "1090157221024558_198285763545046"}, {"message": "Lifetime with Courtney Cassidy tonight ! Kick boxing tomorrow,, yeah buddy ! (:", "created_time": "2011-03-27T22:26:57+0000", "id": "1090157221024558_197486443624978"}, {"message": "Sleepover with my twin Taylor Bona!! (:", "created_time": "2011-03-27T03:35:46+0000", "id": "1090157221024558_197265203647102"}, {"message": "At Nickys with Taylor Bona, Nicole Sanchez, going to be Danielle Siegel, and Ashlee Zibert is a buttmuncherr!!! hahahaha nickys birds head got stuck in its cage bars and nicky punched its head to get it unstuck! lol!", "created_time": "2011-03-26T00:44:29+0000", "id": "1090157221024558_196981887008767"}, {"message": "Lifetime with Courtney Cassidy tomorrow. Were gonna be all american ballers at this ratee (: lol", "created_time": "2011-03-23T02:29:58+0000", "id": "1090157221024558_196235773750045"}, {"story": "Lauren Van Vlierbergen updated her profile picture.", "created_time": "2011-03-22T23:22:16+0000", "id": "1090157221024558_196201717086784"}, {"message": "Awesome time at lifetime with Courtney Cassidy (: haha gonna join some kick boxing/ yin yoga classes !", "created_time": "2011-03-21T01:31:59+0000", "id": "1090157221024558_195700350470254"}, {"message": "Pretty Little Liars party with Ashlee Zibert, Nicole Sanchez, and Taylor Bona ! haha(:", "created_time": "2011-03-18T21:44:37+0000", "id": "1090157221024558_195143690525920"}, {"message": "Wrote a note to Danielle Siegel, Courtney Cassidy, Lexi Muehleman, Jessica Hernandez, Ashlee Zibert, Taylor Bona, Sarah Wenzelman, and Nicole Sanchez ! I dont even know if i named everyone ! :/ lol my arm hurts (:", "created_time": "2011-03-17T21:46:13+0000", "id": "1090157221024558_194860100554279"}, {"message": "This is definitly tanning weather(: lol", "created_time": "2011-03-16T20:44:26+0000", "id": "1090157221024558_194583373915285"}, {"message": "Hanging with Taylor Bona!(:", "created_time": "2011-03-14T22:04:14+0000", "id": "1090157221024558_194074427299513"}, {"story": "Lauren Van Vlierbergen added a new photo \u2014 with Ashlee Zibert.", "created_time": "2011-03-14T21:19:37+0000", "id": "1090157221024558_194064320633857"}, {"message": "Just bought hot pink track shoess(: hahah", "created_time": "2011-03-13T22:40:47+0000", "id": "1090157221024558_193830323990590"}, {"message": "I kinda look like i have half brown hair half blonde..", "created_time": "2011-03-13T06:30:19+0000", "id": "1090157221024558_193631387343817"}, {"story": "Lauren Van Vlierbergen added a new photo \u2014 with Taylor Bona and Lexi Muehleman.", "created_time": "2011-03-13T06:30:19+0000", "id": "1090157221024558_193631577343798"}, {"story": "Lauren Van Vlierbergen added a new photo.", "created_time": "2011-03-13T06:30:19+0000", "id": "1090157221024558_193631337343822"}, {"story": "Lauren Van Vlierbergen added a new photo \u2014 with Taylor Bona.", "created_time": "2011-03-13T06:30:19+0000", "id": "1090157221024558_193630467343909"}, {"story": "Lauren Van Vlierbergen added a new photo \u2014 with Taylor Bona and Katie Collins.", "created_time": "2011-03-13T06:30:19+0000", "id": "1090157221024558_193631684010454"}, {"story": "Lauren Van Vlierbergen added a new photo \u2014 with Taylor Bona and 2 others.", "created_time": "2011-03-13T06:30:19+0000", "id": "1090157221024558_193631570677132"}, {"story": "Lauren Van Vlierbergen added a new photo \u2014 with Taylor Bona and Katie Collins.", "created_time": "2011-03-13T06:30:19+0000", "id": "1090157221024558_193630954010527"}, {"story": "Lauren Van Vlierbergen added a new photo.", "created_time": "2011-03-13T06:30:19+0000", "id": "1090157221024558_193631070677182"}, {"story": "Lauren Van Vlierbergen added a new photo.", "created_time": "2011-03-13T06:30:19+0000", "id": "1090157221024558_193630670677222"}, {"story": "Lauren Van Vlierbergen added a new photo.", "created_time": "2011-03-13T06:30:19+0000", "id": "1090157221024558_193630407343915"}, {"story": "Lauren Van Vlierbergen added a new photo \u2014 with Katie Collins.", "created_time": "2011-03-13T06:30:19+0000", "id": "1090157221024558_193631567343799"}, {"story": "Lauren Van Vlierbergen added a new photo \u2014 with Taylor Bona and Lexi Muehleman.", "created_time": "2011-03-13T06:30:19+0000", "id": "1090157221024558_193631680677121"}, {"story": "Lauren Van Vlierbergen added a new photo \u2014 with Taylor Bona.", "created_time": "2011-03-13T06:30:19+0000", "id": "1090157221024558_193630440677245"}, {"story": "Lauren Van Vlierbergen added a new photo \u2014 with Taylor Bona.", "created_time": "2011-03-13T06:30:19+0000", "id": "1090157221024558_193631127343843"}, {"story": "Lauren Van Vlierbergen added a new photo \u2014 with Lexi Muehleman and Katie Collins.", "created_time": "2011-03-13T06:30:19+0000", "id": "1090157221024558_193631620677127"}, {"story": "Lauren Van Vlierbergen added a new photo.", "created_time": "2011-03-13T06:30:19+0000", "id": "1090157221024558_193631164010506"}, {"story": "Lauren Van Vlierbergen added a new photo \u2014 with Taylor Bona and Lexi Muehleman.", "created_time": "2011-03-13T06:30:19+0000", "id": "1090157221024558_193630560677233"}, {"message": "Me and lexi!", "created_time": "2011-03-13T02:48:50+0000", "id": "1090157221024558_193597080680581"}, {"story": "Lauren Van Vlierbergen added a new photo \u2014 with Katie Collins.", "created_time": "2011-03-13T02:48:50+0000", "id": "1090157221024558_193598214013801"}, {"message": "Bowling with Taylor Bona, Katie Collins, and Lexi Muehleman!(: this gonna be legit haha", "created_time": "2011-03-13T00:39:30+0000", "id": "1090157221024558_193575850682704"}, {"message": "Awesome job to Sydney Wellnitz, Meghan Meehan, Shannon Jameson, and everyone else! The play was great(:", "created_time": "2011-03-11T03:21:55+0000", "id": "1090157221024558_193100630730226"}, {"message": "With aiden sarah aaron and I wish my twin taylor but she went home sick): gotta love our lit class(: haha", "created_time": "2011-03-08T17:55:03+0000", "id": "1090157221024558_192459330794356"}, {"message": "This was when I was four and did ballet... (:", "created_time": "2011-03-08T00:14:10+0000", "id": "1090157221024558_192291994144423"}, {"message": "Haha they're crammed in a tiny house(:", "story": "Lauren Van Vlierbergen is with Ashlee Zibert and Sarah Wenzelman.", "created_time": "2011-03-06T04:38:49+0000", "id": "1090157221024558_191819940858295"}, {"message": "Partying it up with sarah nicky ashlee sam taylor katie courtney lexi and danielle at bonas!(:", "created_time": "2011-03-06T02:54:27+0000", "id": "1090157221024558_191803770859912"}, {"message": "Carpool buddies(: haha\nNicole Sanchez && Ashlee Zibert", "created_time": "2011-03-05T17:52:34+0000", "id": "1090157221024558_191708824202740"}, {"message": "Ran around the school with my ninjas Courtney Cassidy, Ashlee Zibert, Jenni Barnec, and Taylor Bona!! (: haha", "created_time": "2011-03-03T23:57:30+0000", "id": "1090157221024558_191298750910414"}, {"message": "Bahaha isn't sarah wenzelman adorable??(: lol", "created_time": "2011-03-02T21:51:28+0000", "id": "1090157221024558_191041340936155"}, {"message": "Im just saying this now so I can be the first one lol... Happy Birthday Justin Bieber!!(: iloveyou<3", "created_time": "2011-03-01T03:10:56+0000", "id": "1090157221024558_190635227643433"}, {"message": "<3.Justin Bieber.<3 movie with Courtney Cassidy, Paige Mariee, and Morgan Frederiksen(:", "created_time": "2011-02-27T21:24:26+0000", "id": "1090157221024558_190339827672973"}, {"message": "Taylor Bona is the most amazing person Ive ever met in my life!", "created_time": "2011-02-25T17:15:10+0000", "id": "1090157221024558_189800067726949"}, {"message": "Partying it up with Taylor Bona, Samantha Stein, Danielle Siegel, Ashlee Zibert, Courtney Cassidy, and hopefully Jenni Barnec!!((:", "created_time": "2011-02-25T03:37:20+0000", "id": "1090157221024558_189679434405679"}, {"message": "WOLVES WIN AS COURTNEY CASSIDY SCORES THE WINNING 2 POINTS WITH 5 SECONDS LEFT IN THE GAME!(: JENNI BARNEC SCOREDD THE THREE THAT TIED IT ALL UP! GREAT SEASON GIRLS!", "created_time": "2011-02-25T01:08:48+0000", "id": "1090157221024558_189654634408159"}, {"message": "Everything happens for a reason, sometimes things fall apart so other things can fall together. But what's meant to be will always find a way<3", "created_time": "2011-02-22T02:02:13+0000", "id": "1090157221024558_188926397814316"}, {"message": "Happy Birthday to my twin wanna be Katie Collins((: ily!!", "created_time": "2011-02-20T23:42:19+0000", "id": "1090157221024558_188659677840988"}, {"message": "Jusping off the dugout on the snowday with Ashlee, Danielle, Katie, and Taylor!!!(:", "created_time": "2011-02-20T04:42:24+0000", "id": "1090157221024558_165639176820799"}, {"message": "Movies latterr? \nAshlee Zibert&Nicole Sanchez?", "created_time": "2011-02-19T17:48:01+0000", "id": "1090157221024558_188359787870977"}, {"message": "With Jenni Barnec, Jessica Hernandez, and Courtney Cassidy!! Jacobs Game!!!(:", "created_time": "2011-02-19T00:28:49+0000", "id": "1090157221024558_188196194554003"}, {"story": "Lauren Van Vlierbergen added a new photo \u2014 with Jenni Barnec and 2 others.", "created_time": "2011-02-18T23:31:17+0000", "id": "1090157221024558_188187204554902"}, {"story": "Lauren Van Vlierbergen added a new photo \u2014 with Jenni Barnec and 2 others.", "created_time": "2011-02-18T23:31:17+0000", "id": "1090157221024558_188187921221497"}, {"story": "Lauren Van Vlierbergen added a new photo \u2014 with Jenni Barnec and 2 others.", "created_time": "2011-02-18T23:31:17+0000", "id": "1090157221024558_188187131221576"}, {"story": "Lauren Van Vlierbergen added a new photo \u2014 with Jenni Barnec and 2 others.", "created_time": "2011-02-18T23:31:17+0000", "id": "1090157221024558_188187697888186"}, {"message": "You think ur cooler then me <3", "created_time": "2011-02-18T23:31:17+0000", "id": "1090157221024558_188197167887239"}, {"story": "Lauren Van Vlierbergen added a new photo \u2014 with Jenni Barnec and 3 others.", "created_time": "2011-02-18T22:24:10+0000", "id": "1090157221024558_188175687889387"}, {"story": "Lauren Van Vlierbergen added a new photo \u2014 with Jessica Hernandez and Samantha Stein.", "created_time": "2011-02-18T22:24:10+0000", "id": "1090157221024558_188176444555978"}, {"story": "Lauren Van Vlierbergen added a new photo \u2014 with Jessica Hernandez and Samantha Stein.", "created_time": "2011-02-18T22:24:10+0000", "id": "1090157221024558_188176464555976"}, {"story": "Lauren Van Vlierbergen added a new photo.", "created_time": "2011-02-18T22:24:10+0000", "id": "1090157221024558_188176537889302"}, {"story": "Lauren Van Vlierbergen added a new photo \u2014 with Jenni Barnec and 3 others.", "created_time": "2011-02-18T22:24:10+0000", "id": "1090157221024558_188176457889310"}, {"story": "Lauren Van Vlierbergen added a new photo \u2014 with Jenni Barnec and 2 others.", "created_time": "2011-02-18T22:24:10+0000", "id": "1090157221024558_188176394555983"}, {"message": "Justin Bieber CSI is tonight at 8!!(: wouldnt miss it for anything<3", "created_time": "2011-02-17T13:35:02+0000", "id": "1090157221024558_187841887922767"}, {"message": "Ily guys<3", "story": "Lauren Van Vlierbergen is with Taylor Bona and Katie Collins.", "created_time": "2011-02-15T21:35:32+0000", "id": "1090157221024558_187450137961942"}, {"message": "Sleepover with Taylor Bona and Lexi Muehleman!(: btw the dance was beast! Haha", "created_time": "2011-02-13T03:21:53+0000", "id": "1090157221024558_186888698010825"}, {"message": "Yeah ur jealous(:", "story": "Lauren Van Vlierbergen is with Taylor Bona and 2 others.", "created_time": "2011-02-13T02:37:13+0000", "id": "1090157221024558_186709074702715"}, {"message": "The refs were so bad today, Mr. Skiddy broke a chair haaha(:", "created_time": "2011-02-11T03:35:28+0000", "id": "1090157221024558_146738595385298"}, {"story": "Lauren Van Vlierbergen added a new photo.", "created_time": "2011-02-10T03:10:02+0000", "id": "1090157221024558_185947021445587"}, {"story": "Lauren Van Vlierbergen added a new photo.", "created_time": "2011-02-10T03:10:02+0000", "id": "1090157221024558_185937994779823"}, {"message": "Justin Bieber CSI February 17th!(:", "created_time": "2011-02-06T05:16:20+0000", "id": "1090157221024558_200226973324918"}, {"message": "Sledding today with Ashlee Zibert, Danielle Siegel, Taylor Bona, and i think Katie Collins((:", "created_time": "2011-02-02T19:15:22+0000", "id": "1090157221024558_144086175650507"}, {"story": "Lauren Van Vlierbergen added a new photo.", "created_time": "2011-01-30T21:02:29+0000", "id": "1090157221024558_183219455051677"}, {"message": "Woodfield today with Taylor Bona, Lexi Muehleman, Katie Collins, and Nicole Sanchez(:", "created_time": "2011-01-30T18:30:38+0000", "id": "1090157221024558_131133046952827"}, {"message": "Go to ashlees page and watch her new video! Lol", "created_time": "2011-01-29T04:39:36+0000", "id": "1090157221024558_194385047240616"}, {"message": "Taylor and nickyy(:", "story": "Lauren Van Vlierbergen is with Taylor Bona.", "created_time": "2011-01-27T21:15:01+0000", "id": "1090157221024558_182429308464025"}, {"message": "Bona lol", "story": "Lauren Van Vlierbergen is with Taylor Bona.", "created_time": "2011-01-27T21:15:01+0000", "id": "1090157221024558_182429431797346"}, {"message": "Navy pier!!", "created_time": "2011-01-27T20:42:51+0000", "id": "1090157221024558_179819292056213"}, {"message": "Navy peir!!!", "story": "Lauren Van Vlierbergen is with Taylor Bona and 3 others.", "created_time": "2011-01-27T17:30:42+0000", "id": "1090157221024558_182374781802811"}, {"message": "Me, Taylor Bona, Melody Ann Schultz, and Sarah Wenze's  comerical is pretty legit(:\nTyler Barrett shoulda been there", "created_time": "2011-01-23T18:18:54+0000", "id": "1090157221024558_104237252985575"}, {"message": "just kneeled on a curling iron. really? this would only happen to me):", "created_time": "2011-01-22T04:58:05+0000", "id": "1090157221024558_184406918247806"}, {"message": "just got home for the first time since this morning,, doing homework, going to bed, and waking up at 545 for practice.. eww", "created_time": "2011-01-19T02:19:57+0000", "id": "1090157221024558_175581289145977"}, {"message": "hahahahaha", "created_time": "2011-01-16T23:21:42+0000", "id": "1090157221024558_147815905273194"}, {"message": "WCS victoryy!<3", "created_time": "2011-01-14T03:35:26+0000", "id": "1090157221024558_118545178219358"}, {"message": "Bored to death at a ref clinic): but am indeed with amanda pasetes", "created_time": "2011-01-09T15:48:47+0000", "id": "1090157221024558_159341287447166"}, {"message": "Last basketball tournament today and tomorrow with Courtney Cassidy, Jessica Hernandez ,Jenni Barnec, Morgan Frederiksen, and Kate Meyer! Paige Queffelec and Katie Mahoney are gonna be there too i thinkk! (:", "created_time": "2011-01-08T17:47:44+0000", "id": "1090157221024558_125553810843171"}, {"message": "Hacked by Meghan Meehan !!!  :)", "created_time": "2011-01-03T23:18:31+0000", "id": "1090157221024558_125391564194192"}, {"message": "hangin with Courtney Cassidy and Hallie Aylesworth??? yep i think so \")", "created_time": "2011-01-03T21:22:39+0000", "id": "1090157221024558_182366578453822"}, {"message": "went to the movies with Hallie Aylesworth", "created_time": "2011-01-03T06:40:29+0000", "id": "1090157221024558_172017539500831"}, {"message": "Hahaha", "story": "Lauren Van Vlierbergen is with Hallie Aylesworth and IJustin-rp Beadles Beiber.", "created_time": "2011-01-03T00:49:49+0000", "id": "1090157221024558_176012799105676"}, {"message": "Bears are gonna win<3 just sayingg", "created_time": "2011-01-02T21:24:45+0000", "id": "1090157221024558_153608388024999"}, {"message": "With Lexi Muehleman and Katie Collins!! Best new years ever so far!!(: hahaa", "created_time": "2011-01-01T04:05:06+0000", "id": "1090157221024558_130949436967188"}, {"message": "11:11<3", "created_time": "2010-12-30T17:12:06+0000", "id": "1090157221024558_123475931051339"}, {"message": "Don't worry,, you'll wake up feeling refreshed and revived(:", "created_time": "2010-12-30T00:40:56+0000", "id": "1090157221024558_177816758905578"}, {"message": "Sleepover with Meghan Meehan!(: this is gonna be legit", "created_time": "2010-12-29T05:50:02+0000", "id": "1090157221024558_177404192290680"}, {"message": "At lifetime with my bball homies morgan frederiksen, ccourtney cassidy, jessica hernandez, and jennie barnec. Paige should be here.... hahaa(:", "created_time": "2010-12-26T22:53:28+0000", "id": "1090157221024558_117768414960012"}, {"message": "kay,, so its offically christmas(:", "created_time": "2010-12-25T06:01:35+0000", "id": "1090157221024558_132804660114779"}, {"message": "Justt woke up<3", "created_time": "2010-12-23T18:40:53+0000", "id": "1090157221024558_113303435408067"}, {"message": "omg been talking with my homeboys Courtney Cassidy and Hallie Aylesworth for the past 5 hourss haha ily guyyss(:", "created_time": "2010-12-22T06:20:32+0000", "id": "1090157221024558_185122541498057"}, {"message": "yeah so i did some things... and now i owe my parents 158 dollars... This was witnessed by Hallie Aylesworth haha ps hide ur kids, hide ur wif, hide ur husband too. lol illyy", "created_time": "2010-12-22T01:26:30+0000", "id": "1090157221024558_161960130515238"}, {"message": "I think I should hangout with Hallie Aylesworth tomorrow(:", "created_time": "2010-12-21T01:29:26+0000", "id": "1090157221024558_173580376009319"}, {"message": "Basketball tournament with courtney, jessica, kate, and morgan!(:", "created_time": "2010-12-18T20:12:39+0000", "id": "1090157221024558_137365749654241"}, {"message": "Movies with jessica hernandez and morgan frederiksen !!", "created_time": "2010-12-18T00:30:16+0000", "id": "1090157221024558_111804292226770"}, {"message": "cant wait untill westfield bball starts...", "created_time": "2010-12-16T23:00:56+0000", "id": "1090157221024558_127082217354205"}, {"story": "Lauren Van Vlierbergen added a new photo \u2014 with Hallie Aylesworth and 2 others.", "created_time": "2010-12-13T01:37:12+0000", "id": "1090157221024558_170654509641505"}, {"message": "With katie collins!", "created_time": "2010-12-12T20:14:47+0000", "id": "1090157221024558_118958688171412"}, {"message": "JINGLE BASHH!!", "created_time": "2010-12-11T12:58:11+0000", "id": "1090157221024558_182979148381299"}, {"message": "Yeah yeah yeah, justin bieber<3", "created_time": "2010-12-08T03:19:26+0000", "id": "1090157221024558_112726405462878"}, {"story": "Lauren Van Vlierbergen added a new photo.", "created_time": "2010-11-28T00:25:04+0000", "id": "1090157221024558_166979600008996"}, {"message": "New Justin bieber comes out today!", "created_time": "2010-11-26T17:09:40+0000", "id": "1090157221024558_171760916181231"}, {"story": "Lauren Van Vlierbergen added a new photo.", "created_time": "2010-11-26T04:58:56+0000", "id": "1090157221024558_166553960051560"}, {"message": "Happy Thanksgiving!", "created_time": "2010-11-25T15:21:22+0000", "id": "1090157221024558_113857895348849"}, {"message": "Hanging with Katie Collins 2morrow hopefully haha((:", "created_time": "2010-11-24T05:18:25+0000", "id": "1090157221024558_158230474219997"}, {"message": "Bahamas<3", "created_time": "2010-11-20T01:12:16+0000", "id": "1090157221024558_108348175901820"}, {"story": "Lauren Van Vlierbergen added a new photo.", "created_time": "2010-11-10T00:14:00+0000", "id": "1090157221024558_162589863781303"}, {"story": "Lauren Van Vlierbergen added a new photo.", "created_time": "2010-11-10T00:14:00+0000", "id": "1090157221024558_162590053781284"}, {"story": "Lauren Van Vlierbergen added a new photo.", "created_time": "2010-10-31T00:13:44+0000", "id": "1090157221024558_160106500696306"}, {"story": "Lauren Van Vlierbergen added a new photo \u2014 with Courtney Cassidy.", "created_time": "2010-10-31T00:13:44+0000", "id": "1090157221024558_160106594029630"}, {"message": "Great timess with courtney cassidy taylor bona and katie collins today at the haunted house...which was closed haha Ily guys!", "created_time": "2010-10-23T03:02:44+0000", "id": "1090157221024558_106473176087296"}, {"story": "Lauren Van Vlierbergen added a new photo \u2014 with Taylor Bona and 2 others.", "created_time": "2010-10-23T02:14:43+0000", "id": "1090157221024558_158044627569160"}, {"story": "Lauren Van Vlierbergen added a new photo.", "created_time": "2010-10-23T02:14:43+0000", "id": "1090157221024558_158044364235853"}, {"message": "Just got a new phone(:", "created_time": "2010-10-17T22:44:34+0000", "id": "1090157221024558_159265067438592"}, {"message": "Hopefully hanging with hallie aylesworth today!", "created_time": "2010-10-03T15:07:15+0000", "id": "1090157221024558_155961791092915"}, {"message": "Awesome volleyball tournament 2day!! (:", "created_time": "2010-09-11T20:23:21+0000", "id": "1090157221024558_153658101320358"}, {"message": "School.....Crapp", "created_time": "2010-08-15T22:26:03+0000", "id": "1090157221024558_143286549039341"}, {"message": "at bestbuy with hallie aylesworth!!!!!!!!!!!!!!!!!!!!!!!!!!!!!", "created_time": "2010-08-06T18:53:43+0000", "id": "1090157221024558_142794625740744"}, {"message": "Hanging with meghan", "created_time": "2010-08-03T18:54:25+0000", "id": "1090157221024558_141655092521987"}, {"message": "Going to see suesical 2night with olivia orencia and Hallie aylesworth! Sydney, Sarah-Lisa, Meghan, emily, and faith will be in it!", "created_time": "2010-07-30T17:48:04+0000", "id": "1090157221024558_130415327001193"}, {"message": "Hangin with @hallie aylesworth, @olivia orencia, and @meghan meehan!", "created_time": "2010-07-30T02:09:25+0000", "id": "1090157221024558_147962655217177"}, {"message": "Fireworks 2night!!", "created_time": "2010-07-25T22:16:36+0000", "id": "1090157221024558_135070899865573"}, {"message": "Hanging with Meghan Meehan, Faith Terlecki, and hannah jackowski tomorrow!!", "created_time": "2010-07-21T00:30:30+0000", "id": "1090157221024558_124641660914519"}, {"message": "Going to dolfins cove tomorrow with Alexis Patricia Muehleman, Hallie Aylesworth, and Taylor Jordan Bona (:", "created_time": "2010-07-20T00:02:27+0000", "id": "1090157221024558_114200761962915"}, {"message": "I love Justin Bieber!!", "created_time": "2010-07-05T16:30:21+0000", "id": "1090157221024558_130168230352418"}, {"message": "How do u upload pics to facebook from your phone", "created_time": "2010-07-04T05:02:22+0000", "id": "1090157221024558_135619829795976"}, {"story": "Lauren Van Vlierbergen shared a link.", "created_time": "2010-06-15T22:36:12+0000", "id": "1090157221024558_101918309859627"}, {"story": "Lauren Van Vlierbergen shared a link.", "created_time": "2010-06-15T22:27:15+0000", "id": "1090157221024558_127625260602496"}, {"story": "Lauren Van Vlierbergen shared a link.", "created_time": "2010-06-15T22:20:26+0000", "id": "1090157221024558_137489342927765"}, {"story": "Lauren Van Vlierbergen shared a link.", "created_time": "2010-06-15T22:13:35+0000", "id": "1090157221024558_134947313188396"}, {"story": "Lauren Van Vlierbergen shared a link.", "created_time": "2010-06-15T22:10:48+0000", "id": "1090157221024558_112546738791122"}, {"story": "Lauren Van Vlierbergen shared a link.", "created_time": "2010-06-15T22:07:26+0000", "id": "1090157221024558_128200790543507"}, {"story": "Lauren Van Vlierbergen shared a link.", "created_time": "2010-06-15T03:23:18+0000", "id": "1090157221024558_129950063701295"}, {"story": "Lauren Van Vlierbergen shared a link.", "created_time": "2010-06-15T02:55:56+0000", "id": "1090157221024558_115951401782257"}, {"message": "The only reason I watched the hawks game is cause Toews and Kane are babes...I'm still happy they won!", "created_time": "2010-06-11T14:53:36+0000", "id": "1090157221024558_129894607038829"}, {"message": "Thats right you guys...... Justin's like dynamite with me!!! ", "created_time": "2010-06-11T02:47:42+0000", "id": "1090157221024558_100597156658107"}]}