{"name": "Lauren Van Vlierbergen", "gender": "female", "hometown": {"id": "106129829417394", "name": "Algonquin, Illinois"}, "education": [{"school": {"id": "103744432997806", "name": "Harry D. Jacobs High School"}, "type": "High School", "id": "1095286830511597"}, {"school": {"id": "42202896250", "name": "The Ross School of Business"}, "type": "College", "year": {"id": "224452140917757", "name": "2019"}, "id": "1185608194812793"}, {"school": {"id": "21105780752", "name": "University of Michigan"}, "type": "College", "year": {"id": "224452140917757", "name": "2019"}, "id": "976043112435970"}], "location": {"location": {"city": "Ann Arbor", "country": "United States", "latitude": 42.2745, "longitude": -83.7393, "state": "MI", "zip": "48103, 48104, 48105, 48106, 48107, 48108, 48109, 48113"}, "id": "105479049486624"}, "work": [{"employer": {"id": "243256045776207", "name": "Practice Ignition"}, "location": {"id": "110884905606108", "name": "Sydney, Australia"}, "position": {"id": "1045788372103126", "name": "Financial Analyst"}, "start_date": "0000-00", "id": "1643692882337653"}, {"employer": {"id": "42202896250", "name": "The Ross School of Business"}, "id": "1395590210481256"}], "timezone": -5, "id": "1090157221024558"}